City,Lat,Lng,Max Temp,Humidity,Cloudiness,Wind Speed,Country,Date
rikitea,-23.1203,-134.9692,79.2,73,97,10.67,PF,1644103722
ushuaia,-54.8,-68.3,53.26,58,20,29.93,AR,1644103813
albany,42.6001,-73.9662,15.1,57,5,1.01,US,1644103842
castro,-24.7911,-50.0119,65.25,97,79,1.92,BR,1644104043
kapaa,22.0752,-159.319,80.19,64,0,3.0,US,1644103971
carnarvon,-24.8667,113.6333,78.87,83,40,11.5,AU,1644104044
vao,-22.6667,167.4833,80.28,86,27,12.48,NC,1644104044
sur,22.5667,59.5289,70.61,50,0,6.44,OM,1644104045
tura,25.5198,90.2201,47.64,91,0,2.84,IN,1644104045
zaltan,32.947,11.8665,59.68,47,99,3.65,LY,1644104045
kruisfontein,-34.0033,24.7314,66.88,81,67,14.12,ZA,1644104046
hermanus,-34.4187,19.2345,71.91,85,19,13.22,ZA,1644103965
chuy,-33.6971,-53.4616,66.27,89,44,9.48,UY,1644104046
vaini,-21.2,-175.2,75.36,100,100,14.97,TO,1644103948
butaritari,3.0707,172.7902,82.8,73,48,18.81,KI,1644104047
ulladulla,-35.35,150.4667,68.77,69,99,12.8,AU,1644104047
port alfred,-33.5906,26.891,70.41,86,88,25.75,ZA,1644104019
sao filipe,14.8961,-24.4956,72.97,73,0,9.42,CV,1644103828
olafsvik,64.8945,-23.7142,30.81,75,100,36.24,IS,1644103892
formosa,-26.1775,-58.1781,82.38,51,0,6.91,AR,1644103864
punta arenas,-53.15,-70.9167,59.11,63,75,21.85,CL,1644103944
todos santos,23.45,-110.2167,73.11,55,5,7.29,MX,1644104048
tuktoyaktuk,69.4541,-133.0374,-31.0,75,40,9.22,CA,1644104049
jamestown,42.097,-79.2353,12.33,67,0,0.0,US,1644103824
kaitangata,-46.2817,169.8464,51.4,73,96,7.58,NZ,1644103254
mataura,-46.1927,168.8643,56.48,55,96,3.27,NZ,1644103881
cape town,-33.9258,18.4232,72.12,66,0,1.01,ZA,1644104007
zalantun,48.0,122.7167,-2.04,89,50,6.13,CN,1644104049
luderitz,-26.6481,15.1594,66.22,82,92,10.22,NA,1644104050
saint george,37.1041,-113.5841,59.47,17,0,1.99,US,1644103906
busselton,-33.65,115.3333,71.89,70,12,6.69,AU,1644104050
asosa,10.0667,34.5333,60.06,30,27,6.13,ET,1644104050
port-gentil,-0.7193,8.7815,80.56,83,75,6.91,GA,1644104051
tarakan,3.3,117.6333,74.7,94,75,5.75,ID,1644104051
san rafael,-34.6177,-68.3301,61.97,57,64,5.46,AR,1644104051
lavrentiya,65.5833,-171.0,-14.6,95,8,9.86,RU,1644104052
calabozo,8.9242,-67.4293,87.87,36,31,6.76,VE,1644104052
nanortalik,60.1432,-45.2371,8.64,61,81,13.09,GL,1644104052
kyela,-9.5833,33.85,72.37,81,100,4.14,TZ,1644104053
okakarara,-20.5833,17.4333,66.04,88,99,3.85,NA,1644104053
avarua,-21.2078,-159.775,82.45,78,40,18.41,CK,1644103882
katobu,-4.9408,122.5276,80.46,80,94,3.94,ID,1644104053
pa sang,18.5262,98.9394,72.01,65,93,1.05,TH,1644104054
komsomolsk-na-amure,50.552,137.0152,-1.12,95,100,4.56,RU,1644104054
upernavik,72.7868,-56.1549,-3.3,98,100,5.01,GL,1644104055
yellowknife,62.456,-114.3525,-12.44,82,20,6.91,CA,1644104055
khorinsk,52.1657,109.7726,-0.74,98,94,2.59,RU,1644104055
fare,-16.7,-151.0167,80.92,74,13,20.54,PF,1644104056
puerto ayora,-0.7393,-90.3518,77.56,87,67,4.0,EC,1644103722
cayenne,4.9333,-52.3333,81.09,85,75,3.0,GF,1644104056
sao miguel do araguaia,-13.275,-50.1628,74.52,90,90,3.96,BR,1644104056
mar del plata,-38.0023,-57.5575,62.1,80,75,1.99,AR,1644103804
lianyuan,27.6883,111.6642,41.9,84,100,2.44,CN,1644104057
galabovo,42.139,25.8673,32.65,83,86,2.71,BG,1644104057
airai,-8.9266,125.4092,68.47,74,90,1.95,TL,1644104057
san andres,12.5847,-81.7006,82.42,69,40,13.8,CO,1644103887
mehamn,71.0357,27.8492,20.68,86,31,15.01,NO,1644104058
tual,-5.6667,132.75,83.39,74,90,8.84,ID,1644104058
fort nelson,58.8053,-122.7002,22.62,97,98,3.33,CA,1644104058
aguilas,37.4063,-1.5829,56.21,79,100,8.93,ES,1644104059
bundaberg,-24.85,152.35,78.22,64,40,5.01,AU,1644104059
umm kaddadah,13.6017,26.6876,55.33,23,82,17.85,SD,1644104059
santa isabel,-23.3156,-46.2214,78.1,96,99,4.23,BR,1644104060
lebu,-37.6167,-73.65,59.49,81,16,19.71,CL,1644104060
khatanga,71.9667,102.5,-20.58,97,99,3.94,RU,1644103889
vilhena,-12.7406,-60.1458,77.22,83,20,5.75,BR,1644104060
maniitsoq,65.4167,-52.9,3.6,96,100,6.76,GL,1644104061
hilo,19.7297,-155.09,77.25,81,100,5.75,US,1644103977
udachnyy,66.4167,112.4,-32.06,100,91,2.33,RU,1644104061
nemuro,43.3236,145.575,23.92,69,85,19.04,JP,1644104062
vestmannaeyjar,63.4427,-20.2734,28.04,76,90,16.06,IS,1644104062
goderich,43.7501,-81.7165,16.12,73,99,8.05,CA,1644104062
cabo san lucas,22.8909,-109.9124,73.62,64,0,10.36,MX,1644104063
loandjili,-4.7561,11.8578,77.11,94,20,4.61,CG,1644104063
qaqortoq,60.7167,-46.0333,1.9,74,61,6.02,GL,1644104063
tanta,30.7885,31.0019,46.09,91,1,4.65,EG,1644104064
tiksi,71.6872,128.8694,-22.16,98,94,7.34,RU,1644104064
east london,-33.0153,27.9116,69.6,87,100,17.31,ZA,1644104064
emerald,-23.5333,148.1667,78.94,50,0,12.66,AU,1644104065
komsomolskiy,40.4272,71.7189,38.62,32,100,6.91,UZ,1644104065
hobart,-42.8794,147.3294,67.01,66,75,1.01,AU,1644104065
constitucion,-35.3333,-72.4167,61.23,74,1,12.97,CL,1644104066
soller,39.7662,2.7152,52.86,87,99,1.01,ES,1644104066
natal,-5.795,-35.2094,81.25,74,0,6.91,BR,1644103861
provideniya,64.3833,-173.3,-2.18,83,2,10.78,RU,1644104066
shahrud,36.4182,54.9763,32.27,76,48,4.94,IR,1644104067
cockburn town,21.4612,-71.1419,75.16,57,40,11.5,TC,1644104067
cherskiy,68.75,161.3,-30.78,96,20,1.19,RU,1644104067
puerto del rosario,28.5004,-13.8627,65.88,88,0,10.36,ES,1644103800
barrow,71.2906,-156.7887,-18.38,69,0,11.5,US,1644104068
pierre,44.3683,-100.351,51.28,36,75,10.36,US,1644103319
ibipeba,-11.6408,-42.0111,70.02,88,89,7.05,BR,1644104068
qaanaaq,77.484,-69.3632,0.25,97,100,3.87,GL,1644103723
trairi,-3.2778,-39.2689,77.85,84,21,7.09,BR,1644104068
cairns,-16.9167,145.7667,83.07,77,40,11.5,AU,1644104069
vostok,46.4856,135.8833,-5.69,94,100,3.0,RU,1644103828
dunedin,-45.8742,170.5036,52.81,82,72,3.0,NZ,1644103805
ostersund,63.1792,14.6357,25.25,80,100,11.5,SE,1644104069
tasiilaq,65.6145,-37.6368,17.76,58,96,9.08,GL,1644104070
yumen,40.2833,97.2,15.17,42,100,13.47,CN,1644104070
atuona,-9.8,-139.0333,78.8,77,11,22.82,PF,1644104070
manaure,11.7751,-72.4445,77.65,75,39,20.87,CO,1644104071
severo-kurilsk,50.6789,156.125,29.37,83,93,11.83,RU,1644104071
srivardhan,18.0333,73.0167,66.38,74,45,5.95,IN,1644104071
te anau,-45.4167,167.7167,61.45,45,11,5.37,NZ,1644104072
gat,31.61,34.7642,52.39,100,80,7.83,IL,1644104060
kavieng,-2.5744,150.7967,83.5,72,69,5.97,PG,1644104072
narsaq,60.9167,-46.05,1.62,70,59,6.49,GL,1644103886
salalah,17.0151,54.0924,73.49,73,20,4.61,OM,1644104072
talcahuano,-36.7167,-73.1167,67.68,64,0,12.66,CL,1644104073
cidreira,-30.1811,-50.2056,74.64,90,100,3.94,BR,1644104073
llanes,43.4198,-4.7549,40.26,67,9,3.91,ES,1644104073
tselinnoye,53.0833,85.6667,-2.7,100,82,2.75,RU,1644104074
bardiyah,31.7561,25.0865,53.85,68,0,15.19,LY,1644104074
danjiangkou,32.5428,111.5086,35.83,49,100,4.63,CN,1644104074
huasahuasi,-11.3167,-75.6167,43.11,92,99,3.02,PE,1644104075
oliveira dos brejinhos,-12.3169,-42.8961,72.84,80,94,3.29,BR,1644104075
saint-philippe,-21.3585,55.7679,80.19,82,100,17.2,RE,1644104075
hithadhoo,-0.6,73.0833,81.73,74,62,10.76,MV,1644104076
bagdarin,54.4333,113.6,-15.03,96,13,3.11,RU,1644104076
arraial do cabo,-22.9661,-42.0278,76.75,85,59,27.04,BR,1644104076
odweyne,9.4092,45.064,63.81,21,92,10.09,SO,1644104077
grindavik,63.8424,-22.4338,25.27,74,75,3.44,IS,1644104077
guayaramerin,-10.8368,-65.3614,73.76,92,81,2.73,BO,1644104077
alice springs,-23.7,133.8833,69.35,60,0,0.0,AU,1644104077
san quintin,30.4833,-115.95,61.56,32,0,6.31,MX,1644104078
chignahuapan,19.8333,-98.0333,50.38,72,57,1.79,MX,1644104078
obo,5.3998,26.4869,72.88,20,100,6.08,CF,1644104078
zykovo,55.9519,93.1461,23.99,87,100,4.38,RU,1644104079
esperance,-33.8667,121.9,69.64,62,5,18.37,AU,1644103723
half moon bay,37.4636,-122.4286,67.78,52,0,1.01,US,1644103798
ambilobe,-13.2,49.05,72.54,95,84,2.91,MG,1644104079
new norfolk,-42.7826,147.0587,66.65,44,76,2.33,AU,1644104079
gweta,-20.1833,25.2333,74.25,57,74,13.69,BW,1644104080
deputatskiy,69.3,139.9,-29.47,97,96,3.18,RU,1644104080
bijie,27.3125,105.2942,35.17,97,100,4.83,CN,1644104080
bengkulu,-3.8004,102.2655,73.27,97,100,10.6,ID,1644104081
nikolskoye,59.7035,30.7861,25.72,96,100,6.62,RU,1644104081
la rioja,42.25,-2.5,33.12,84,7,5.01,ES,1644104081
ostrovnoy,68.0531,39.5131,15.94,83,100,28.5,RU,1644104082
imperia,43.9667,7.7833,46.42,79,3,4.61,IT,1644104082
kincardine,56.0667,-3.7167,41.38,90,83,15.75,GB,1644104082
canutama,-6.5339,-64.3831,73.76,93,95,0.4,BR,1644104082
saint anthony,45.0205,-93.218,25.48,67,100,4.0,US,1644104083
korla,41.7597,86.1469,22.89,42,73,9.46,CN,1644104083
lardos,36.0942,28.0157,53.94,78,44,6.46,GR,1644104083
bougouni,11.417,-7.479,74.1,12,53,5.28,ML,1644104084
rio gallegos,-51.6226,-69.2181,69.85,37,75,25.32,AR,1644103896
bartica,6.4,-58.6167,73.31,99,83,2.71,GY,1644104084
raudeberg,61.9875,5.1352,36.86,90,100,10.0,NO,1644104084
petropavlovsk-kamchatskiy,53.0452,158.6483,21.79,54,75,6.71,RU,1644104085
nyurba,63.2842,118.3319,-23.73,100,83,2.26,RU,1644104085
ust-tsilma,65.441,52.1498,-7.15,99,96,4.16,RU,1644104085
sitka,57.0531,-135.33,40.89,81,100,26.46,US,1644103989
yatou,37.15,122.3833,30.11,51,30,10.76,CN,1644104086
saint-gabriel,46.3001,-73.3824,8.28,100,6,4.85,CA,1644104086
kumluca,36.3703,30.2869,41.68,64,11,6.67,TR,1644104086
vikravandi,12.0333,79.55,74.93,81,83,4.34,IN,1644104087
tirlyanskiy,54.2109,58.5806,10.31,98,100,1.74,RU,1644104087
mount isa,-20.7333,139.5,83.97,34,1,8.05,AU,1644103873
jiamusi,46.8333,130.35,-4.09,90,45,7.09,CN,1644104087
port elizabeth,-33.918,25.5701,69.1,81,51,19.44,ZA,1644104088
fortuna,40.5982,-124.1573,65.19,59,0,0.0,US,1644104088
tolaga bay,-38.3667,178.3,66.88,81,98,2.64,NZ,1644104088
lagunillas,10.1301,-71.2595,80.49,66,9,12.8,VE,1644104089
pevek,69.7008,170.3133,-26.27,98,33,1.74,RU,1644104089
nawada,24.8833,85.5333,48.49,75,0,5.23,IN,1644104089
pekalongan,-6.8886,109.6753,82.0,88,96,4.03,ID,1644104089
anadyr,64.75,177.4833,-5.3,71,0,2.24,RU,1644103493
bethel,41.3712,-73.414,24.04,71,75,10.36,US,1644104090
georgiyevka,43.0369,74.7114,24.84,68,72,8.95,KZ,1644104090
yulara,-25.2406,130.9889,76.84,33,0,13.8,AU,1644104091
eirunepe,-6.6603,-69.8736,73.42,98,69,2.28,BR,1644104091
hofn,64.2539,-15.2082,28.83,64,75,16.42,IS,1644104091
waitati,-45.75,170.5667,53.8,78,43,6.44,NZ,1644104092
bredasdorp,-34.5322,20.0403,67.32,77,78,19.57,ZA,1644103876
saskylakh,71.9167,114.0833,-29.18,100,99,2.86,RU,1644104092
mount gambier,-37.8333,140.7667,71.51,53,40,10.36,AU,1644104092
padang,-0.9492,100.3543,71.65,92,100,2.26,ID,1644104093
bluff,-46.6,168.3333,56.8,61,63,9.71,NZ,1644103966
touros,-5.1989,-35.4608,81.5,69,8,12.84,BR,1644104092
kaohsiung,22.6163,120.3133,59.04,81,40,4.0,TW,1644104093
fort abbas,29.1925,72.8536,55.0,43,5,10.2,PK,1644104093
victoria,22.2855,114.1577,60.24,82,97,1.01,HK,1644104004
sept-iles,50.2001,-66.3821,1.92,51,0,5.75,CA,1644104035
hope,33.6671,-93.5916,48.25,61,0,3.47,US,1644104094
haines junction,60.7522,-137.5108,30.15,74,100,1.14,CA,1644104094
christchurch,-43.5333,172.6333,59.2,77,75,1.99,NZ,1644103800
wattegama,6.7989,81.4808,66.69,95,75,4.74,LK,1644104095
kupino,54.3663,77.2981,5.47,81,53,9.15,RU,1644104095
pitimbu,-7.4706,-34.8086,79.39,70,59,11.01,BR,1644104095
rancharia,-22.2292,-50.8931,74.32,89,99,3.29,BR,1644104096
torbay,47.6666,-52.7314,47.75,95,100,24.16,CA,1644104096
krasnoturinsk,59.7666,60.2086,13.03,95,100,7.2,RU,1644104096
wangqing,43.3218,129.7634,0.77,83,17,2.84,CN,1644104097
khandagayty,50.7333,92.05,-20.36,98,96,4.34,RU,1644104097
tecpatan,17.1333,-93.3,63.41,99,100,4.38,MX,1644104097
kamaishi,39.2667,141.8833,18.55,53,43,13.24,JP,1644104098
helong,42.5397,128.9972,7.54,68,28,8.57,CN,1644104098
tursunzoda,38.5144,68.2333,43.68,90,100,6.17,TJ,1644104098
aykhal,66.0,111.5,-10.48,100,95,3.6,RU,1644104099
mersing,2.4312,103.8405,80.51,83,100,11.5,MY,1644104099
champerico,14.3,-91.9167,90.14,67,7,7.99,GT,1644104099
poum,-20.2333,164.0167,80.28,78,97,4.05,NC,1644104099
bhaderwah,32.9784,75.7186,36.32,81,100,3.2,IN,1644104100
jalu,29.0331,21.5482,54.84,49,0,5.39,LY,1644104100
bourail,-21.5667,165.4833,83.66,74,71,6.71,NC,1644104101
kharan,28.5833,65.4167,56.93,25,1,5.12,PK,1644104101
bulaevo,54.9056,70.4439,9.54,77,100,9.08,KZ,1644104102
amapa,1.0,-52.0,72.39,99,96,3.02,BR,1644104102
vila velha,-20.3297,-40.2925,78.75,86,75,1.99,BR,1644103721
dwarka,22.2394,68.9678,67.84,64,0,4.81,IN,1644104102
linhares,-19.3911,-40.0722,74.53,88,84,4.54,BR,1644104044
ca mau,9.1769,105.15,74.71,75,60,5.95,VN,1644104103
buala,-8.145,159.5921,84.83,76,88,8.39,SB,1644104103
ribeira grande,38.5167,-28.7,60.06,75,23,12.33,PT,1644104103
saldanha,-33.0117,17.9442,73.45,69,44,3.94,ZA,1644103909
banjar,-8.19,114.9675,80.46,82,72,1.77,ID,1644104104
olinda,-8.0089,-34.8553,82.13,65,20,5.75,BR,1644104104
pisco,-13.7,-76.2167,69.85,83,0,6.91,PE,1644104104
yenagoa,4.9247,6.2642,77.56,86,1,3.71,NG,1644104105
shingu,33.7333,135.9833,39.9,57,39,12.91,JP,1644104105
muroto,33.2833,134.15,30.24,52,43,11.25,JP,1644104106
akdepe,42.0551,59.3788,35.69,80,100,20.89,TM,1644104106
cap malheureux,-19.9842,57.6142,79.47,77,100,5.99,MU,1644104106
laguna,38.421,-121.4238,68.29,43,0,1.01,US,1644103967
geraldton,-28.7667,114.6,75.61,83,100,6.91,AU,1644103887
wilson,36.1501,-86.2833,33.35,63,0,3.44,US,1644104054
leningradskiy,69.3833,178.4167,-20.56,96,10,3.49,RU,1644104107
cravo norte,6.3017,-70.2041,89.33,35,87,3.94,CO,1644104107
sestri levante,44.2732,9.3968,54.64,85,0,5.39,IT,1644104108
ballina,-28.8667,153.5667,75.16,74,75,20.71,AU,1644104108
norman wells,65.282,-126.8329,-16.56,63,75,4.61,CA,1644104108
muisne,0.6,-80.0333,75.47,90,87,4.7,EC,1644104109
kimbe,-5.5502,150.1429,86.23,67,100,6.38,PG,1644104109
vila,42.0304,-8.1588,36.48,82,0,4.05,PT,1644104109
broome,42.2506,-75.833,12.0,73,0,3.0,US,1644104109
narasannapeta,18.4167,84.05,64.62,57,92,5.5,IN,1644104110
margherita di savoia,41.3742,16.1502,51.93,84,57,3.69,IT,1644104110
makakilo city,21.3469,-158.0858,80.92,60,75,10.36,US,1644104110
sao joao da barra,-21.6403,-41.0511,77.4,84,21,26.42,BR,1644104111
johi,26.6921,67.6133,58.57,27,0,6.2,PK,1644104111
sioux lookout,50.1001,-91.917,8.98,78,100,5.75,CA,1644104111
macheng,31.1783,115.0319,38.71,57,100,4.36,CN,1644104112
chernyshevskiy,63.0128,112.4714,-1.19,98,100,2.24,RU,1644104112
biak,-0.9131,122.8766,80.01,74,100,0.83,ID,1644104113
mahebourg,-20.4081,57.7,79.25,83,40,11.5,MU,1644104113
riyadh,24.6877,46.7219,51.94,37,0,8.84,SA,1644104113
ruwi,23.5996,58.5507,65.89,44,0,3.8,OM,1644104114
la orilla,17.9833,-102.2333,79.23,60,0,6.49,MX,1644104114
kloulklubed,7.0419,134.2556,77.5,79,93,22.12,PW,1644104114
nioro,13.35,-15.75,78.28,15,0,4.32,GM,1644104115
dali,25.7,100.1833,43.05,96,100,3.58,CN,1644104115
ust-omchug,61.15,149.6333,-18.94,82,35,3.6,RU,1644104116
sambava,-14.2667,50.1667,74.5,89,99,3.47,MG,1644104116
kaeo,-35.1,173.7833,79.32,89,91,7.9,NZ,1644104116
natitingou,10.3042,1.3796,73.74,15,0,8.03,BJ,1644104117
antalya,36.7741,30.7178,42.1,77,0,5.75,TR,1644104117
ulagan,50.6321,87.9563,-13.74,84,31,3.24,RU,1644104117
buin,-33.7333,-70.75,86.32,44,0,5.61,CL,1644104118
bolivar,37.6145,-93.4105,40.28,51,6,11.65,US,1644104118
porto walter,-8.2686,-72.7439,79.2,74,93,4.45,BR,1644104118
banda aceh,5.5577,95.3222,78.22,76,96,6.55,ID,1644104118
port lincoln,-34.7333,135.8667,76.75,51,90,17.31,AU,1644103821
coahuayana,18.7333,-103.6833,87.28,58,9,4.43,MX,1644104119
amahai,-3.3333,128.9167,82.71,69,99,4.43,ID,1644104119
moosomin,50.1333,-101.6677,6.39,95,98,6.29,CA,1644104120
itatskiy,56.07,89.0369,12.56,90,100,4.05,RU,1644104120
comodoro rivadavia,-45.8667,-67.5,67.86,52,0,11.5,AR,1644104120
san pedro,14.35,121.0167,78.35,71,40,9.22,PH,1644103808
uvalde,29.3669,-99.767,51.13,20,0,6.91,US,1644104121
asyut,27.181,31.1837,49.77,58,0,6.08,EG,1644104121
houma,29.5958,-90.7195,48.2,57,0,4.61,US,1644104121
zhoucheng,35.9122,116.3117,33.03,33,77,1.3,CN,1644104122
bambous virieux,-20.3428,57.7575,79.21,83,40,11.5,MU,1644104122
srednekolymsk,67.45,153.6833,-36.54,99,36,3.51,RU,1644104122
souillac,-20.5167,57.5167,79.36,83,40,11.5,MU,1644104122
hasaki,35.7333,140.8333,30.6,39,18,14.5,JP,1644104123
san patricio,28.017,-97.5169,54.54,38,0,5.48,US,1644104123
santa cruz de la palma,28.6835,-17.7642,67.14,68,0,6.91,ES,1644104123
qualiano,40.9226,14.1501,53.85,86,0,1.99,IT,1644104124
hovd,48.0056,91.6419,-13.58,75,17,3.71,MN,1644104124
alofi,-19.0595,-169.9187,75.09,94,99,8.05,NU,1644104124
savinka,50.0785,47.0994,7.56,96,49,9.82,RU,1644104125
peniche,39.3558,-9.3811,54.88,83,0,11.9,PT,1644104125
wasilla,61.5814,-149.4394,33.4,67,20,0.0,US,1644104125
hanzhong,33.0728,107.0303,33.4,92,100,6.31,CN,1644103996
katete,-0.7818,29.7544,62.22,77,94,3.0,UG,1644104126
vardo,70.3705,31.1107,26.96,79,87,28.41,NO,1644104126
golkoy,40.6875,37.6178,29.61,82,90,9.31,TR,1644104126
camocim,-2.9022,-40.8411,78.51,84,35,11.34,BR,1644104127
iqaluit,63.7506,-68.5145,-29.47,68,40,4.61,CA,1644104127
kuningan,-6.9758,108.4831,71.73,94,100,2.39,ID,1644104127
kinango,-4.1372,39.3153,74.25,90,100,3.0,KE,1644104128
arrifes,37.7667,-25.7,57.24,82,20,6.91,PT,1644104128
antipino,57.1068,65.7576,12.54,95,100,3.47,RU,1644104128
kendari,-3.945,122.4989,80.08,87,100,6.33,ID,1644104129
usogorsk,63.4106,48.6872,-0.56,97,72,6.78,RU,1644104129
roros,62.5747,11.3842,28.24,69,100,5.75,NO,1644104129
oranjemund,-28.55,16.4333,65.84,87,61,7.9,NA,1644104130
rincon,32.296,-81.2354,50.86,62,4,6.51,US,1644103911
okha,53.5739,142.9478,3.34,90,100,19.17,RU,1644104130
sakakah,29.9697,40.2064,45.97,72,26,7.72,SA,1644104130
jumla,29.2747,82.1838,25.18,52,1,6.04,NP,1644104131
jacareacanga,-6.2222,-57.7528,74.28,98,90,0.56,BR,1644104131
luau,-10.7073,22.2247,62.15,96,70,3.33,AO,1644104131
abu dhabi,24.4667,54.3667,69.91,70,0,1.99,AE,1644104132
wadi,17.0667,76.9833,65.93,35,38,6.51,IN,1644104132
visby,57.6409,18.296,36.77,87,64,18.41,SE,1644104132
kununurra,-15.7667,128.7333,78.78,100,40,3.44,AU,1644104133
aldan,58.6031,125.3894,-12.57,98,100,4.72,RU,1644104133
vila franca do campo,37.7167,-25.4333,59.2,82,92,12.24,PT,1644104133
welver,51.6167,7.9667,45.21,78,100,22.97,DE,1644104133
asfi,32.2994,-9.2372,58.82,74,63,18.48,MA,1644104134
thompson,55.7435,-97.8558,-11.04,64,75,3.44,CA,1644104086
tarko-sale,64.9225,77.785,-18.62,100,97,4.05,RU,1644104134
plainview,40.7765,-73.4673,25.52,66,20,3.0,US,1644104134
ancud,-41.8697,-73.8203,63.93,77,34,2.8,CL,1644104135
sale,34.0389,-6.8166,54.64,100,40,0.0,MA,1644104135
sinnamary,5.3833,-52.95,76.39,89,82,10.78,GF,1644104135
waipawa,-41.4122,175.5153,55.45,94,100,14.67,NZ,1644104136
salisbury,51.0693,-1.7957,51.1,81,75,21.85,GB,1644104136
simpang,-1.2667,104.0833,74.44,95,100,3.13,ID,1644104136
saint-joseph,-21.3667,55.6167,79.18,81,100,12.39,RE,1644103848
puerto escondido,15.85,-97.0667,83.23,74,40,5.75,MX,1644104137
georgetown,5.4112,100.3354,79.9,89,20,1.99,MY,1644103951
hamilton,39.1834,-84.5333,22.39,80,75,1.01,US,1644103982
koulikoro,14.0,-7.75,68.18,11,0,8.23,ML,1644104138
solok,-0.7918,100.6593,67.15,98,100,2.06,ID,1644104138
bogatyye saby,56.0102,50.4483,16.88,97,100,4.21,RU,1644104138
kawalu,-7.3817,108.2082,75.11,91,93,2.46,ID,1644104139
palmer,42.1584,-72.3287,20.48,59,20,3.0,US,1644104139
oussouye,12.485,-16.5469,75.38,69,1,6.4,SN,1644104139
victoria point,-27.5833,153.3,79.18,68,85,7.0,AU,1644104140
russell,32.3502,-85.1999,47.8,61,0,5.3,US,1644104140
dongsheng,39.8161,109.9776,11.8,49,82,6.55,CN,1644104140
soto la marina,23.7667,-98.2167,58.77,31,2,8.5,MX,1644104140
takoradi,4.8845,-1.7554,79.74,86,20,7.61,GH,1644104141
baryshivka,50.361,31.3217,33.96,88,100,10.33,UA,1644104141
tazovskiy,67.4667,78.7,-16.6,100,84,6.62,RU,1644104141
ende,-8.8432,121.6623,81.3,80,52,4.03,ID,1644104142
clyde river,70.4692,-68.5914,-27.17,68,100,2.3,CA,1644104072
atambua,-9.1061,124.8925,78.98,76,66,2.53,ID,1644104087
kardla,58.9978,22.7492,32.05,89,10,11.14,EE,1644104142
wagar,16.1525,36.2032,62.87,60,0,12.39,SD,1644104142
masvingo,-20.0637,30.8277,62.15,95,39,8.66,ZW,1644104143
roald,62.5833,6.1333,39.34,65,75,21.85,NO,1644104143
najran,17.4924,44.1277,65.05,62,0,4.92,SA,1644104143
sarany,58.5,58.8833,13.41,93,100,13.82,RU,1644104144
xuddur,4.1213,43.8894,67.98,85,51,10.92,SO,1644104144
bathsheba,13.2167,-59.5167,79.41,69,40,12.66,BB,1644104145
morant bay,17.8815,-76.4093,82.02,69,7,10.27,JM,1644104145
chokurdakh,70.6333,147.9167,-32.26,100,100,2.68,RU,1644104145
san cristobal,7.7669,-72.225,73.58,93,72,2.24,VE,1644104145
antalaha,-14.9003,50.2788,73.99,87,100,3.47,MG,1644104146
emba,48.8264,58.1442,21.78,95,100,3.4,KZ,1644104146
grand gaube,-20.0064,57.6608,79.38,77,100,5.99,MU,1644104146
ziro,27.6333,93.8333,27.52,97,71,2.95,IN,1644104147
kaduna,10.5222,7.4383,66.81,21,1,9.8,NG,1644104147
yuli,9.6989,10.2744,68.92,24,4,8.46,NG,1644104147
san vicente,-26.6167,-54.1333,67.17,94,97,0.76,AR,1644104148
kenai,60.5544,-151.2583,32.09,90,0,8.05,US,1644103864
mtimbira,-8.7833,36.35,73.09,79,97,0.78,TZ,1644104148
telemaco borba,-24.3239,-50.6156,68.45,100,99,0.31,BR,1644104148
neiafu,-18.65,-173.9833,79.48,83,75,5.75,TO,1644104149
buraydah,26.326,43.975,48.65,49,0,8.21,SA,1644104149
awjilah,29.1081,21.2869,54.93,51,0,6.22,LY,1644104149
juegang,32.3174,121.1855,32.92,52,53,3.22,CN,1644104150
north ogden,41.3072,-111.9602,42.93,46,0,5.75,US,1644104096
den helder,52.9599,4.7593,48.18,89,100,28.99,NL,1644104150
henties bay,-22.116,14.2845,66.85,80,41,4.47,NA,1644104088
toktogul,41.8708,72.9402,22.35,57,100,1.77,KG,1644104150
beecher,43.09,-83.6944,20.95,80,75,1.01,US,1644104151
jijiga,9.35,42.8,60.39,25,18,9.37,ET,1644104151
yar-sale,66.8333,70.8333,-12.91,100,83,3.09,RU,1644104151
hami,42.8,93.45,25.83,29,100,7.36,CN,1644104152
krasnoselkup,65.7,82.4667,-17.88,100,94,4.21,RU,1644104152
ribas do rio pardo,-20.4431,-53.7592,75.83,86,100,6.06,BR,1644104152
concordia,-31.393,-58.0209,75.78,57,0,11.99,AR,1644104153
bell ville,-32.6259,-62.6887,63.21,64,51,6.42,AR,1644104153
bambanglipuro,-7.95,110.2833,65.61,83,64,4.41,ID,1644104153
tulskiy,44.5094,40.1762,25.66,64,56,3.76,RU,1644104154
ponta do sol,32.6667,-17.1,67.01,54,13,12.37,PT,1644104154
belmonte,-15.8631,-38.8828,73.9,85,82,7.52,BR,1644104154
dikson,73.5069,80.5464,-19.82,100,99,3.62,RU,1644103943
araouane,18.9048,-3.5265,64.38,11,50,8.9,ML,1644104155
breytovo,58.2993,37.8617,3.18,99,94,6.93,RU,1644104155
beringovskiy,63.05,179.3167,-8.27,91,61,14.16,RU,1644104156
puerto leguizamo,-0.1934,-74.7819,74.34,96,77,2.04,CO,1644104156
sorland,67.667,12.6934,38.52,79,90,26.49,NO,1644104156
thinadhoo,0.5333,72.9333,81.86,72,27,11.18,MV,1644104156
zyryanka,65.75,150.85,-36.02,99,52,2.68,RU,1644104157
morehead,37.2711,-87.1764,28.15,59,0,0.0,US,1644104132
rawson,-43.3002,-65.1023,60.87,46,0,10.69,AR,1644104157
gubkin,51.2817,37.5458,19.78,95,100,9.6,RU,1644104158
shelburne,44.0787,-80.2041,12.09,71,75,5.12,CA,1644103956
ondjiva,-17.0667,15.7333,64.26,75,100,9.48,AO,1644104158
necochea,-38.5473,-58.7368,60.04,67,100,19.3,AR,1644104159
nishihara,26.1842,127.7558,56.48,60,40,5.75,JP,1644103877
begunitsy,59.5855,29.3176,24.3,97,100,4.47,RU,1644104159
talaya,61.3833,152.75,-27.87,91,59,1.54,RU,1644104159
bejar,40.3864,-5.7634,28.54,80,0,6.33,ES,1644104160
bandarbeyla,9.4942,50.8122,73.8,74,78,9.22,SO,1644104160
kodiak,57.79,-152.4072,40.51,87,100,18.41,US,1644104160
baykit,61.67,96.37,10.15,93,96,6.24,RU,1644104160
morondava,-20.2833,44.2833,81.5,74,100,17.76,MG,1644104161
lasa,46.6166,10.7002,36.86,43,2,3.13,IT,1644104161
rudnya,54.947,31.0934,29.93,94,100,15.28,RU,1644104161
havelock,34.8791,-76.9013,42.78,64,3,1.99,US,1644104094
chumphon,10.3333,98.8333,77.11,98,43,2.21,TH,1644104162
saladoblanco,1.9924,-76.0434,63.63,96,74,1.74,CO,1644104162
krasnyy chikoy,50.3643,108.7512,-3.46,99,95,1.83,RU,1644104162
kungurtug,50.5994,97.5228,-15.39,95,68,1.83,RU,1644104163
camacupa,-12.0167,17.4833,57.0,82,98,4.47,AO,1644104163
soldatskaya,43.8181,43.8158,26.71,69,59,3.44,RU,1644104163
senno,59.5336,33.9167,19.26,94,100,8.9,RU,1644104164
rio grande,-32.035,-52.0986,74.95,83,27,5.17,BR,1644104164
dubai,25.2582,55.3047,71.85,73,40,13.8,AE,1644103987
popondetta,-8.7537,148.2534,82.51,78,100,2.95,PG,1644104165
faanui,-16.4833,-151.75,81.41,72,14,20.71,PF,1644104165
brae,60.3964,-1.353,37.31,58,100,37.92,GB,1644104165
qiongshan,20.0058,110.3542,62.58,88,75,8.95,CN,1644104165
lagoa,39.05,-27.9833,58.84,77,13,16.49,PT,1644104018
manggar,-2.8833,108.2667,78.75,86,94,7.9,ID,1644104166
sisimiut,66.9395,-53.6735,1.71,91,100,10.36,GL,1644104166
itarema,-2.9248,-39.9167,78.94,80,13,10.49,BR,1644103948
sibolga,1.7427,98.7792,75.16,90,100,2.06,ID,1644104167
bavly,54.393,53.2602,17.87,98,99,2.17,RU,1644104167
tautira,-17.7333,-149.15,86.02,75,31,19.66,PF,1644104168
gladstone,-23.85,151.25,78.73,53,3,14.97,AU,1644104168
portland,45.5234,-122.6762,54.46,74,75,1.99,US,1644103652
chake chake,-5.2459,39.7666,78.01,84,100,6.67,TZ,1644104168
shasta lake,40.6804,-122.3708,74.12,18,0,6.71,US,1644103932
nouakchott,18.0858,-15.9785,69.73,47,0,11.34,MR,1644104169
high prairie,55.4334,-116.4858,35.4,73,92,14.38,CA,1644104155
manadhoo,5.7667,73.3833,80.55,65,32,7.05,MV,1644104169
miastko,54.0028,16.9826,34.95,97,99,14.72,PL,1644104170
pochutla,15.7432,-96.4661,86.83,51,2,6.04,MX,1644104170
tuy hoa,13.0833,109.3,71.98,89,100,13.15,VN,1644104170
gasa,31.5,34.4667,49.98,69,91,9.93,PS,1644104171
solnechnyy,50.7214,136.6319,4.12,93,100,1.19,RU,1644104171
la palma,33.8464,-118.0467,77.41,19,0,5.01,US,1644103903
liverpool,53.4106,-2.9779,50.68,82,100,11.99,GB,1644104016
nadym,65.5333,72.5167,-19.37,100,100,0.4,RU,1644104171
akureyri,65.6835,-18.0878,19.33,100,100,0.0,IS,1644104172
chirilagua,13.2203,-88.1386,89.29,53,35,2.77,SV,1644104172
leh,34.1667,77.5833,0.59,78,98,2.28,IN,1644104173
nchelenge,-9.3451,28.734,69.26,86,97,5.37,ZM,1644104173
sobolevo,54.4299,31.8996,30.33,94,100,15.28,RU,1644104142
pangnirtung,66.1451,-65.7125,-30.71,98,100,3.42,CA,1644104173
richards bay,-28.783,32.0377,70.75,89,94,7.0,ZA,1644104174
umba,66.6871,34.3429,18.97,94,100,16.53,RU,1644104174
manhattan,40.7834,-73.9662,25.66,55,75,8.05,US,1644103911
krutinka,56.0055,71.5113,9.54,78,100,8.72,RU,1644104175
bima,-8.4667,118.7167,81.03,87,97,4.56,ID,1644104175
mpwapwa,-6.35,36.4833,65.41,90,100,3.06,TZ,1644104175
caravelas,-17.7125,-39.2481,77.81,80,100,7.63,BR,1644104176
egvekinot,66.3167,-179.1667,-8.32,87,10,10.83,RU,1644104176
tilichiki,60.4667,166.1,-3.93,75,23,8.61,RU,1644104176
nanakuli,21.3906,-158.1547,82.35,61,75,10.36,US,1644104177
aasiaat,68.7098,-52.8699,-7.47,87,99,7.16,GL,1644104177
adrar,20.5022,-10.0711,65.68,7,0,9.01,MR,1644104177
port hedland,-20.3167,118.5667,86.05,79,74,9.22,AU,1644103707
gizo,-8.103,156.8419,85.53,71,90,9.44,SB,1644104178
lompoc,34.6391,-120.4579,71.78,29,0,13.8,US,1644104178
aksay,47.26,39.87,30.25,84,64,8.99,RU,1644104041
anori,-3.7728,-61.6442,74.53,97,91,0.74,BR,1644104179
peleduy,59.6289,112.7406,8.98,96,100,5.06,RU,1644104179
westport,41.1415,-73.3579,25.75,67,0,5.99,US,1644103898
coruripe,-10.1256,-36.1756,79.43,73,94,12.33,BR,1644104179
nusaybin,37.0778,41.2178,37.2,56,1,6.82,TR,1644104180
gisborne,-38.6533,178.0042,66.94,78,100,2.01,NZ,1644104180
manbij,36.5281,37.9549,32.77,76,34,5.66,SY,1644104180
leo,11.1,-2.1,70.45,14,7,7.56,BF,1644104181
abu samrah,35.3029,37.1841,42.28,84,14,5.23,SY,1644104040
havre-saint-pierre,50.2334,-63.5986,7.39,71,0,9.22,CA,1644104181
martapura,-3.4167,114.85,75.29,100,40,2.3,ID,1644104181
lampazos de naranjo,27.0167,-100.5167,52.97,26,0,9.73,MX,1644104182
tabanan,-8.5413,115.1252,79.2,79,55,2.04,ID,1644104182
dingle,10.9995,122.6711,78.19,80,93,14.14,PH,1644104182
kirakira,-10.4544,161.9205,84.36,77,92,7.9,SB,1644104182
mogadishu,2.0371,45.3438,76.48,84,34,15.46,SO,1644104183
chapada dos guimaraes,-15.4606,-55.7497,74.86,87,57,3.58,BR,1644104183
chara,56.9064,118.2631,-19.23,82,12,1.23,RU,1644104183
katsuura,35.1333,140.3,38.19,45,6,13.58,JP,1644104184
gazojak,41.1875,61.4036,39.4,95,100,22.26,TM,1644104184
flinders,-34.5833,150.8552,72.21,70,75,11.99,AU,1644104184
kotel,42.8833,26.45,39.76,85,93,8.34,BG,1644104185
kudat,6.8837,116.8477,77.29,94,40,5.75,MY,1644104185
mantua,45.1667,10.7833,46.49,83,0,2.39,IT,1644104185
codrington,-38.2667,141.9667,73.49,45,66,9.64,AU,1644103897
vicuna,-30.0319,-70.7081,79.77,40,0,4.38,CL,1644104186
alikalia,9.1667,-11.4,68.29,27,68,1.92,SL,1644104186
biloela,-24.4167,150.5,80.01,42,0,18.41,AU,1644104186
chimbote,-9.0853,-78.5783,70.79,82,11,9.1,PE,1644104187
altamira,-3.2033,-52.2064,73.58,97,93,2.91,BR,1644104187
yarmouth,41.7057,-70.2286,25.97,59,0,12.66,US,1644104099
peremyshl,54.2631,36.1606,18.16,95,100,9.06,RU,1644104187
jobabo,20.9692,-76.2994,77.02,75,15,8.48,CU,1644104188
svetlogorsk,52.6333,29.7333,30.81,93,99,14.32,BY,1644104188
ahipara,-35.1667,173.1667,76.98,78,99,5.1,NZ,1644104188
ust-kalmanka,52.1207,83.305,-5.15,97,13,2.82,RU,1644104189
shimoda,34.6667,138.95,41.36,55,4,25.39,JP,1644104189
zhangjiakou,40.81,114.8794,10.11,66,2,4.56,CN,1644104189
talnakh,69.4865,88.3972,-19.59,100,99,2.19,RU,1644104190
sola,-13.8833,167.55,82.38,78,95,20.15,VU,1644104190
kahului,20.8947,-156.47,87.06,66,20,16.11,US,1644104063
yenotayevka,47.2456,47.0281,26.22,75,87,18.63,RU,1644104190
mayumba,-3.432,10.6554,76.87,87,37,5.75,GA,1644104191
ilulissat,69.2167,-51.1,-1.48,78,100,7.07,GL,1644104191
tocopilla,-22.092,-70.1979,70.56,68,20,8.32,CL,1644104192
polyarnyy,69.1989,33.4478,18.07,83,100,24.05,RU,1644104192
balarampur,23.1167,86.2167,53.51,57,1,3.13,IN,1644104192
ossora,59.2353,163.0719,14.41,88,100,11.14,RU,1644104193
gondar,12.6,37.4667,56.48,67,64,3.13,ET,1644104193
nelson,-41.2833,173.2833,59.29,90,100,1.99,NZ,1644104172
polovinnoye,54.7914,65.9864,11.73,85,100,7.87,RU,1644104193
muti,7.2758,122.28,76.73,79,54,4.32,PH,1644104194
hvolsvollur,63.7533,-20.2243,24.82,87,98,7.43,IS,1644104194
turayf,31.6725,38.6637,39.45,100,0,4.61,SA,1644104194
harper,4.375,-7.7169,79.38,85,14,6.2,LR,1644104195
hazorasp,41.3194,61.0742,37.24,95,100,21.05,UZ,1644104195
mutata,7.2441,-76.4356,73.02,94,34,2.44,CO,1644104195
moissala,8.3404,17.7663,72.19,20,88,5.21,TD,1644104196
praia da vitoria,38.7333,-27.0667,57.45,94,40,16.78,PT,1644104196
roma,43.2128,-75.4557,13.86,66,0,6.91,US,1644104196
kayerkan,69.3497,87.7602,-18.04,99,99,1.61,RU,1644104196
longyearbyen,78.2186,15.6401,10.24,61,20,21.85,SJ,1644104197
broken hill,-31.95,141.4333,73.11,40,100,21.85,AU,1644104197
oktyabrskiy,54.4815,53.471,18.61,98,99,1.77,RU,1644104197
pangai,-19.8,-174.35,78.89,87,100,24.94,TO,1644103723
port shepstone,-30.7414,30.455,72.55,75,99,3.85,ZA,1644104198
pervouralsk,56.9053,59.9436,10.65,97,100,5.19,RU,1644104198
etchoropo,26.7667,-109.6667,74.41,49,3,14.03,MX,1644104199
turtas,58.9417,69.1325,14.88,95,100,3.36,RU,1644104199
medzilaborce,49.2719,21.9007,30.97,96,33,3.42,SK,1644104183
grand-santi,4.25,-54.3833,72.63,99,73,2.86,GF,1644104199
cervo,43.6702,-7.4101,47.28,76,6,5.28,ES,1644104200
mayo,38.8876,-76.5119,31.19,51,0,3.0,US,1644104200
zanjan,36.6736,48.4787,23.04,88,36,4.65,IR,1644104200
batangafo,7.3008,18.2833,70.12,23,74,3.8,CF,1644104201
besikduzu,41.052,39.2284,40.89,66,95,7.61,TR,1644104201
ermelo,-26.5333,29.9833,54.39,98,100,8.34,ZA,1644104201
fairbanks,64.8378,-147.7164,14.81,78,100,0.0,US,1644104202
auki,-8.7676,160.7034,83.61,78,91,7.45,SB,1644104202
trojes,41.756,19.962,41.49,88,95,6.64,AL,1644104202
tabou,4.423,-7.3528,79.39,86,10,5.77,CI,1644104203
krasnoborsk,61.5598,45.934,2.68,98,75,4.63,RU,1644104203
remedios,22.4947,-79.5458,74.32,75,1,9.13,CU,1644104203
yokadouma,3.5167,15.05,66.79,27,90,2.37,CM,1644104204
khash,28.2211,61.2158,51.57,57,2,9.15,IR,1644104204
siyabuswa,-25.1132,29.0445,68.5,67,53,8.93,ZA,1644104204
torrington,41.8007,-73.1212,21.13,67,2,8.99,US,1644104204
chicama,-7.8447,-79.1469,66.74,73,11,8.34,PE,1644104205
intibuca,14.3167,-88.1667,62.33,72,20,6.91,HN,1644104205
ust-kuyga,70.0167,135.6,-39.03,100,100,4.52,RU,1644104205
klaksvik,62.2266,-6.589,32.92,83,85,17.16,FO,1644104206
gampengrejo,-7.7667,112.0167,77.68,82,37,1.88,ID,1644104206
los llanos de aridane,28.6585,-17.9182,64.13,42,0,7.0,ES,1644104207
samarai,-10.6167,150.6667,83.62,73,100,7.43,PG,1644104207
angoche,-16.2325,39.9086,74.82,85,23,10.27,MZ,1644104207
shahreza,32.0339,51.8794,32.04,57,0,4.23,IR,1644104208
ahuimanu,21.4447,-157.8378,82.11,67,40,3.0,US,1644104208
port blair,11.6667,92.75,77.04,94,40,2.3,IN,1644104208
biharkeresztes,47.1333,21.7167,32.07,83,7,5.75,HU,1644104209
eyl,7.9803,49.8164,71.17,77,14,6.76,SO,1644104209
yarada,17.65,83.2667,66.52,94,20,2.3,IN,1644104209
vestmanna,62.1564,-7.1664,31.12,86,75,16.11,FO,1644104210
maldonado,-34.6667,-54.9167,67.39,84,71,9.55,UY,1644104210
quatre cocos,-20.2078,57.7625,79.09,81,100,17.52,MU,1644104210
huarmey,-10.0681,-78.1522,71.96,80,20,9.91,PE,1644104211
hit,33.6416,42.8251,50.31,57,4,7.96,IQ,1644104211
arman,59.7,150.1667,2.01,72,32,11.52,RU,1644104211
shenjiamen,29.9576,122.298,40.46,62,55,9.53,CN,1644104212
the valley,18.217,-63.0578,76.1,94,75,9.22,AI,1644104212
potsdam,52.3989,13.0657,43.09,83,100,5.99,DE,1644104212
quesnel,52.9999,-122.5029,34.3,86,100,2.3,CA,1644104153
